<?xml version="1.0" encoding="utf-8"?>
<populate version="1.0">
    <stream>
        <url>rss_dh.xml</url>
    </stream>
    
    <stream>
        <url>rss_ulb.xml</url>
    </stream>
    
    <stream>
        <url>rss_lalibre.xml</url>
    </stream>
    
    <stream>
        <url>rss_lesoirmonde.xml</url>
    </stream>
    
    <stream>
        <url>rss_tomshardware.xml</url>
    </stream>
    
    <stream>
        <url>rss_xkcd.xml</url>
    </stream>
    
    <user>
        <mail>arosette@ulb.ac.be</mail>
        <surname>arosette</surname>
        <password>arosette</password>
        <avatar>~/Images/arosette.jpg</avatar>
        <country>Belgique</country>
        <city>Theux</city>
        <biography>J'etudie a l'ulb et j'habite a Theux</biography>
        <date>2014-05-14</date>
        
        <streamname>Flux perso de arosette</streamname>
        <streamdescription>Flux perso de arosette</streamdescription>
        <streamweblink>http://personal_stream/</streamweblink>
    </user>
    
    <user>
        <mail>nomer@ulb.ac.be</mail>
        <surname>nomer</surname>
        <password>nomer</password>
        <avatar>~/Images/nomer.jpg</avatar>
        <country>Belgique</country>
        <city>Bruxelles</city>
        <biography>J'etudie a l'ulb et j'habite a Bruxelles</biography>
        <date>2014-05-14</date>
        
        <streamname>Flux perso de nomer</streamname>
        <streamdescription>Flux perso de nomer</streamdescription>
        <streamweblink>http://personal_stream/</streamweblink>
    </user>
    
    <user>
        <mail>lpostula@ulb.ac.be</mail>
        <surname>lpostula</surname>
        <password>lpostula</password>
        <avatar>~/Images/lpostula.jpg</avatar>
        <country>Belgique</country>
        <city>Bruxelles</city>
        <biography>J'etudie a l'ulb et j'habite a Bruxelles</biography>
        <date>2014-05-14</date>
        
        <streamname>Flux perso de lpostula</streamname>
        <streamdescription>Flux perso de lpostula</streamdescription>
        <streamweblink>http://personal_stream/</streamweblink>
    </user>
    
    <user>
        <mail>pveranneman@ulb.ac.be</mail>
        <surname>pveranneman</surname>
        <password>pveranneman</password>
        <avatar>~/Images/pveranneman.jpg</avatar>
        <country>Brésil</country>
        <city>Rio</city>
        <biography>J'etudie a l'ulb et j'habite au Brésil</biography>
        <date>2014-06-14</date>
        
        <streamname>Flux perso de pveranneman</streamname>
        <streamdescription>Flux perso de pveranneman</streamdescription>
        <streamweblink>http://personal_stream/</streamweblink>
    </user>
    
    <friend>
        <mailsender>arosette@ulb.ac.be</mailsender>
        <mailreceiver>nomer@ulb.ac.be</mailreceiver>
        <status>TRUE</status>
        <date>2014-05-16</date>
    </friend>
    
    <friend>
        <mailsender>arosette@ulb.ac.be</mailsender>
        <mailreceiver>lpostula@ulb.ac.be</mailreceiver>
        <status>TRUE</status>
        <date>2014-05-16</date>
    </friend>
    
    <friend>
        <mailsender>nomer@ulb.ac.be</mailsender>
        <mailreceiver>pveranneman@ulb.ac.be</mailreceiver>
        <status>TRUE</status>
        <date>2014-05-17</date>
    </friend>
    
    <friend>
        <mailsender>lpostula@ulb.ac.be</mailsender>
        <mailreceiver>nomer@ulb.ac.be</mailreceiver>
        <status>FALSE</status>
        <date>2014-05-17</date>
    </friend>
    
    <subscription>
        <usermail>arosette@ulb.ac.be</usermail>
        <streamurl>rss_dh.xml</streamurl>
        <date>2014-05-16</date>
    </subscription>
    
    <subscription>
        <usermail>lpostula@ulb.ac.be</usermail>
        <streamurl>rss_lesoirmonde.xml</streamurl>
        <date>2014-05-16</date>
    </subscription>
    
    <subscription>
        <usermail>nomer@ulb.ac.be</usermail>
        <streamurl>rss_lalibre.xml</streamurl>
        <date>2014-05-16</date>
    </subscription>
    
    <subscription>
        <usermail>pveranneman@ulb.ac.be</usermail>
        <streamurl>rss_tomshardware.xml</streamurl>
        <date>2014-05-16</date>
    </subscription>
    
</populate>