<?xml version="1.0" encoding="utf-8" ?>
<rss version="2.0" xml:base="http://www.lesoir.be/feed/10/destination_principale_block" xmlns:media="http://search.yahoo.com/mrss/" >
  <channel>
    <title>Monde - www.lesoir.be</title>
    <link>http://www.lesoir.be/feed/10/destination_principale_block</link>
    <description>Flux d'informations de la catégorie monde du site www.lesoir.be</description>
    <language>fr</language>
    <copyright>Sudpresse - 2014</copyright>
    <pubDate>Mon, 07 Apr 2014 12:55:59 +0200</pubDate>
    <lastBuildDate>Mon, 07 Apr 2014 12:55:59 +0200</lastBuildDate>
    <docs>http://cyber.law.harvard.edu/rss/rss.html</docs>
    <generator>Lesoir - 2.0</generator>
    <managingEditor>internet@lesoir.be</managingEditor>
    <webMaster>internet@lesoir.be</webMaster>    
    <ttl>3</ttl>
    <image>
      <title>www.lesoir.be</title>
      <url>http://www.lesoir.be//img/ui/fb-image.png</url>
      <link>http://www.lesoir.be/feed/10/destination_principale_block</link>
      <width>100</width>
      <height>100</height>
    </image>
        <item>
  <category><![CDATA[Monde]]></category>
  <title><![CDATA[Ukraine: des pro-russes proclament une république indépendante à Donetsk]]></title>
  <link>http://www.lesoir.be/514503/article/actualite/monde/2014-04-07/ukraine-des-pro-russes-proclament-une-republique-independante-donetsk</link>
  <description><![CDATA[<img src="http://www.lesoir.be/sites/default/files/imagecache/flowpublish_preset/2014/04/07/968121851_B972425214Z.1_20140407125305_000_GEE28A8EQ.2-0.jpg" width="120" align="left" hspace="4" vspace="4" /> 
                <cci:p xmlns:cci="urn:schemas-ccieurope.com" xmlns:xsd="http://www.w3.org/2001/XMLSchema-instance" xmlns:ccit="http://www.ccieurope.com/xmlns/ccimltables" xmlns:ccix="http://www.ccieurope.com/xmlns/ccimlextensions">La tension monte dans l’est du pays.</cci:p>
            ]]></description>
  <comments>http://www.lesoir.be/514503/article/actualite/monde/2014-04-07/ukraine-des-pro-russes-proclament-une-republique-independante-donetsk#ancre_commentaires</comments>  
  <pubDate>Mon, 07 Apr 2014 12:53:00 +0200</pubDate>
  <author><![CDATA[Rédaction en ligne]]></author>
  <guid isPermaLink="false">514503 at http://www.lesoir.be</guid>
    <media:content url="http://www.lesoir.be/sites/default/files/imagecache/flowpublish_preset/2014/04/07/968121851_B972425214Z.1_20140407125305_000_GEE28A8EQ.2-0.jpg" type="image/jpeg" fileSize="1417588">
  <media:title><![CDATA[]]></media:title>
  <media:thumbnail url="http://www.lesoir.be/sites/default/files/imagecache/flowpublish_thumb_preset/2014/04/07/968121851_B972425214Z.1_20140407125305_000_GEE28A8EQ.2-0.jpg"/>
  </media:content>
  </item>
<item>
  <category><![CDATA[Monde]]></category>
  <title><![CDATA[Obama: «Mission accomplie»]]></title>
  <link>http://www.lesoir.be/514500/article/actualite/monde/2014-04-07/obama-mission-accomplie</link>
  <description><![CDATA[<img src="http://www.lesoir.be/sites/default/files/imagecache/flowpublish_preset/2014/04/07/810316592_B972425201Z.1_20140407085034_000_GIT27H6EA.2-0.jpg" width="120" align="left" hspace="4" vspace="4" /> 
                <cci:p xmlns:cci="urn:schemas-ccieurope.com" xmlns:xsd="http://www.w3.org/2001/XMLSchema-instance" xmlns:ccit="http://www.ccieurope.com/xmlns/ccimltables" xmlns:ccix="http://www.ccieurope.com/xmlns/ccimlextensions">
                    <cci:bullet__intro class="macro" displayname="PUCE_INTRO" name="bullet__intro"></cci:bullet__intro class="macro" displayname="PUCE_INTRO" name="bullet__intro">Le système des soins de santé fait l’effet d’une petite révolution. L’opposition républicaine juge prématurée l’annonce d’une victoire.</cci:p>
            ]]></description>
  <comments>http://www.lesoir.be/514500/article/actualite/monde/2014-04-07/obama-mission-accomplie#ancre_commentaires</comments>  
  <pubDate>Mon, 07 Apr 2014 08:50:00 +0200</pubDate>
  <author><![CDATA[ Maurin Picard]]></author>
  <guid isPermaLink="false">514500 at http://www.lesoir.be</guid>
    <media:content url="http://www.lesoir.be/sites/default/files/imagecache/flowpublish_preset/2014/04/07/810316592_B972425201Z.1_20140407085034_000_GIT27H6EA.2-0.jpg" type="image/jpeg" fileSize="272934">
  <media:title><![CDATA[
L’instauration d’un système de soins de santé était la priorité du président Barack Obama depuis son élection en 2008. © AFP.
]]></media:title>
  <media:thumbnail url="http://www.lesoir.be/sites/default/files/imagecache/flowpublish_thumb_preset/2014/04/07/810316592_B972425201Z.1_20140407085034_000_GIT27H6EA.2-0.jpg"/>
  </media:content>
  </item>
<item>
  <category><![CDATA[Monde]]></category>
  <title><![CDATA[L’Aquila renaîtra peut-être en… 2021]]></title>
  <link>http://www.lesoir.be/514490/article/actualite/monde/2014-04-07/l-aquila-renaitra-peut-etre-en…-2021</link>
  <description><![CDATA[<img src="http://www.lesoir.be/sites/default/files/imagecache/flowpublish_preset/2014/04/07/725326418_B972425181Z.1_20140407120025_000_GH5286N7B.2-0.jpg" width="120" align="left" hspace="4" vspace="4" /> 
                <cci:p xmlns:cci="urn:schemas-ccieurope.com" xmlns:xsd="http://www.w3.org/2001/XMLSchema-instance" xmlns:ccit="http://www.ccieurope.com/xmlns/ccimltables" xmlns:ccix="http://www.ccieurope.com/xmlns/ccimlextensions">
                    <cci:head_subdeck2_in class="character" displayname="CHAPO_AMORCE" name="head_subdeck2_in">Cinq ans après le séisme</cci:head_subdeck2_in>, malgré les retards, les scandales, la mafia, les habitants de la ville italienne, rebaptisée «<ccix:command value="134"></ccix:command value="134">le Pompéi du XXI<ccix:command value="86"></ccix:command value="86">e <ccix:command value="113"></ccix:command value="113">siècle<ccix:command value="134"></ccix:command value="134">», espèrent que leur ville revivra un jour.</cci:p>
            ]]></description>
  <comments>http://www.lesoir.be/514490/article/actualite/monde/2014-04-07/l-aquila-renaitra-peut-etre-en…-2021#ancre_commentaires</comments>  
  <pubDate>Mon, 07 Apr 2014 12:00:00 +0200</pubDate>
  <author><![CDATA[ Dominique Dunglas]]></author>
  <guid isPermaLink="false">514490 at http://www.lesoir.be</guid>
    <media:content url="http://www.lesoir.be/sites/default/files/imagecache/flowpublish_preset/2014/04/07/725326418_B972425181Z.1_20140407120025_000_GH5286N7B.2-0.jpg" type="image/jpeg" fileSize="1178950">
  <media:title><![CDATA[
Les stigmates du séisme, que l’on voit sur ce cliché pris en 2012, sont encore très présents aujourd’hui. Une zone est même interdite au public car des pans de mur peuvent s’écrouler à tout moment. © AFP.
]]></media:title>
  <media:thumbnail url="http://www.lesoir.be/sites/default/files/imagecache/flowpublish_thumb_preset/2014/04/07/725326418_B972425181Z.1_20140407120025_000_GH5286N7B.2-0.jpg"/>
  </media:content>
  </item>
<item>
  <category><![CDATA[Monde]]></category>
  <title><![CDATA[814 millions d’électeurs appelés aux urnes en Inde]]></title>
  <link>http://www.lesoir.be/514445/article/actualite/monde/2014-04-07/814-millions-d-electeurs-appeles-aux-urnes-en-inde</link>
  <description><![CDATA[<img src="http://www.lesoir.be/sites/default/files/imagecache/flowpublish_preset/2014/04/07/2058518576_B972425121Z.1_20140407074857_000_G8J2893TL.2-0.jpg" width="120" align="left" hspace="4" vspace="4" /> 
                <cci:p xmlns:cci="urn:schemas-ccieurope.com" xmlns:xsd="http://www.w3.org/2001/XMLSchema-instance" xmlns:ccit="http://www.ccieurope.com/xmlns/ccimltables" xmlns:ccix="http://www.ccieurope.com/xmlns/ccimlextensions">Le marathon électoral se déroulera en neuf étapes afin de permettre à chacun de voter pour les législatives d’ici le 12 mai. </cci:p>
            ]]></description>
  <comments>http://www.lesoir.be/514445/article/actualite/monde/2014-04-07/814-millions-d-electeurs-appeles-aux-urnes-en-inde#ancre_commentaires</comments>  
  <pubDate>Mon, 07 Apr 2014 07:48:00 +0200</pubDate>
  <author><![CDATA[Rédaction en ligne]]></author>
  <guid isPermaLink="false">514445 at http://www.lesoir.be</guid>
    <media:content url="http://www.lesoir.be/sites/default/files/imagecache/flowpublish_preset/2014/04/07/2058518576_B972425121Z.1_20140407074857_000_G8J2893TL.2-0.jpg" type="image/jpeg" fileSize="723678">
  <media:title><![CDATA[]]></media:title>
  <media:thumbnail url="http://www.lesoir.be/sites/default/files/imagecache/flowpublish_thumb_preset/2014/04/07/2058518576_B972425121Z.1_20140407074857_000_G8J2893TL.2-0.jpg"/>
  </media:content>
  </item>
<item>
  <category><![CDATA[Monde]]></category>
  <title><![CDATA[Boeing disparu: de nouveaux signaux détectés dans l’Océan indien]]></title>
  <link>http://www.lesoir.be/514421/article/actualite/monde/2014-04-07/boeing-disparu-nouveaux-signaux-detectes-dans-l-ocean-indien</link>
  <description><![CDATA[<img src="http://www.lesoir.be/sites/default/files/imagecache/flowpublish_preset/2014/04/07/1669202745_B972425078Z.1_20140407073634_000_G76284GBU.5-0.jpg" width="120" align="left" hspace="4" vspace="4" /> 
                <cci:p xmlns:cci="urn:schemas-ccieurope.com" xmlns:xsd="http://www.w3.org/2001/XMLSchema-instance" xmlns:ccit="http://www.ccieurope.com/xmlns/ccimltables" xmlns:ccix="http://www.ccieurope.com/xmlns/ccimlextensions">Ils seraient «compatibles» avec les ultrasons émis par les boîtes noires du Boeing 777 de Malaysia Airlines.</cci:p>
            ]]></description>
  <comments>http://www.lesoir.be/514421/article/actualite/monde/2014-04-07/boeing-disparu-nouveaux-signaux-detectes-dans-l-ocean-indien#ancre_commentaires</comments>  
  <pubDate>Mon, 07 Apr 2014 07:36:00 +0200</pubDate>
  <author><![CDATA[Rédaction en ligne]]></author>
  <guid isPermaLink="false">514421 at http://www.lesoir.be</guid>
    <media:content url="http://www.lesoir.be/sites/default/files/imagecache/flowpublish_preset/2014/04/07/1669202745_B972425078Z.1_20140407073634_000_G76284GBU.5-0.jpg" type="image/jpeg" fileSize="1398415">
  <media:title><![CDATA[]]></media:title>
  <media:thumbnail url="http://www.lesoir.be/sites/default/files/imagecache/flowpublish_thumb_preset/2014/04/07/1669202745_B972425078Z.1_20140407073634_000_G76284GBU.5-0.jpg"/>
  </media:content>
  </item>
<item>
  <category><![CDATA[Monde]]></category>
  <title><![CDATA[Le parti de Viktor Orban en tête des élections en Hongrie ]]></title>
  <link>http://www.lesoir.be/514362/article/actualite/monde/2014-04-06/parti-viktor-orban-en-tete-des-elections-en-hongrie</link>
  <description><![CDATA[<img src="http://www.lesoir.be/sites/default/files/imagecache/flowpublish_preset/2014/04/06/1077022689_B972424569Z.1_20140406232006_000_GDH285D9C.2-0.jpg" width="120" align="left" hspace="4" vspace="4" /> 
                <cci:p xmlns:cci="urn:schemas-ccieurope.com" xmlns:xsd="http://www.w3.org/2001/XMLSchema-instance" xmlns:ccit="http://www.ccieurope.com/xmlns/ccimltables" xmlns:ccix="http://www.ccieurope.com/xmlns/ccimlextensions">Selon les résultats partiels, le parti d’Orban arrive largement en tête des élections législatives.</cci:p>
            ]]></description>
  <comments>http://www.lesoir.be/514362/article/actualite/monde/2014-04-06/parti-viktor-orban-en-tete-des-elections-en-hongrie#ancre_commentaires</comments>  
  <pubDate>Sun, 06 Apr 2014 23:20:00 +0200</pubDate>
  <author><![CDATA[ Afp]]></author>
  <guid isPermaLink="false">514362 at http://www.lesoir.be</guid>
    <media:content url="http://www.lesoir.be/sites/default/files/imagecache/flowpublish_preset/2014/04/06/1077022689_B972424569Z.1_20140406232006_000_GDH285D9C.2-0.jpg" type="image/jpeg" fileSize="784735">
  <media:title><![CDATA[
Orbal à la sortie des urnes/© Reuters
]]></media:title>
  <media:thumbnail url="http://www.lesoir.be/sites/default/files/imagecache/flowpublish_thumb_preset/2014/04/06/1077022689_B972424569Z.1_20140406232006_000_GDH285D9C.2-0.jpg"/>
  </media:content>
  </item>
<item>
  <category><![CDATA[Rwanda 1994-2014]]></category>
  <title><![CDATA[La Belgique maintient sa délégation à Kigali]]></title>
  <link>http://www.lesoir.be/514345/article/actualite/monde/rwanda-1994-2014/2014-04-06/belgique-maintient-sa-delegation-kigali</link>
  <description><![CDATA[<img src="http://www.lesoir.be/sites/default/files/imagecache/flowpublish_preset/2014/04/07/1745424989_B972424455Z.1_20140407071958_000_G76284PPV.2-0.jpg" width="120" align="left" hspace="4" vspace="4" /> 
                <cci:p xmlns:cci="urn:schemas-ccieurope.com" xmlns:xsd="http://www.w3.org/2001/XMLSchema-instance" xmlns:ccit="http://www.ccieurope.com/xmlns/ccimltables" xmlns:ccix="http://www.ccieurope.com/xmlns/ccimlextensions">Malgré les déclarations de Paul Kagame, qui dénonçait le «<ccix:command value="134"></ccix:command value="134">rôle direct<ccix:command value="134"></ccix:command value="134">» de la Belgique et de la France dans le génocide, la délégation belge a maintenu son voyage.</cci:p>
            ]]></description>
  <comments>http://www.lesoir.be/514345/article/actualite/monde/rwanda-1994-2014/2014-04-06/belgique-maintient-sa-delegation-kigali#ancre_commentaires</comments>  
  <pubDate>Mon, 07 Apr 2014 07:19:00 +0200</pubDate>
  <author><![CDATA[Véronique Kiesel envoyée spéciale à Kigali]]></author>
  <guid isPermaLink="false">514345 at http://www.lesoir.be</guid>
    <media:content url="http://www.lesoir.be/sites/default/files/imagecache/flowpublish_preset/2014/04/07/1745424989_B972424455Z.1_20140407071958_000_G76284PPV.2-0.jpg" type="image/jpeg" fileSize="941621">
  <media:title><![CDATA[]]></media:title>
  <media:thumbnail url="http://www.lesoir.be/sites/default/files/imagecache/flowpublish_thumb_preset/2014/04/07/1745424989_B972424455Z.1_20140407071958_000_G76284PPV.2-0.jpg"/>
  </media:content>
  </item>
<item>
  <category><![CDATA[Rwanda 1994-2014]]></category>
  <title><![CDATA[La France participera aux commémorations du génocide rwandais lundi]]></title>
  <link>http://www.lesoir.be/514303/article/actualite/monde/rwanda-1994-2014/2014-04-06/france-participera-aux-commemorations-du-genocide-rwandais-lundi</link>
  <description><![CDATA[<img src="http://www.lesoir.be/sites/default/files/imagecache/flowpublish_preset/2014/04/06/996221639_B972423927Z.1_20140406203230_000_GDH285RRJ.2-0.jpg" width="120" align="left" hspace="4" vspace="4" /> 
                <cci:p xmlns:cci="urn:schemas-ccieurope.com" xmlns:xsd="http://www.w3.org/2001/XMLSchema-instance" xmlns:ccit="http://www.ccieurope.com/xmlns/ccimltables" xmlns:ccix="http://www.ccieurope.com/xmlns/ccimlextensions">L’ambassadeur français Michel Flesch fait le déplacement à Kigali.</cci:p>
            ]]></description>
  <comments>http://www.lesoir.be/514303/article/actualite/monde/rwanda-1994-2014/2014-04-06/france-participera-aux-commemorations-du-genocide-rwandais-lundi#ancre_commentaires</comments>  
  <pubDate>Sun, 06 Apr 2014 20:32:00 +0200</pubDate>
  <author><![CDATA[G.My avec AFP]]></author>
  <guid isPermaLink="false">514303 at http://www.lesoir.be</guid>
    <media:content url="http://www.lesoir.be/sites/default/files/imagecache/flowpublish_preset/2014/04/06/996221639_B972423927Z.1_20140406203230_000_GDH285RRJ.2-0.jpg" type="image/jpeg" fileSize="666590">
  <media:title><![CDATA[
AFP
]]></media:title>
  <media:thumbnail url="http://www.lesoir.be/sites/default/files/imagecache/flowpublish_thumb_preset/2014/04/06/996221639_B972423927Z.1_20140406203230_000_GDH285RRJ.2-0.jpg"/>
  </media:content>
  </item>
<item>
  <category><![CDATA[Monde]]></category>
  <title><![CDATA[Kicukiro se souvient de l’abandon des Casques bleus belges]]></title>
  <link>http://www.lesoir.be/514194/article/actualite/monde/2014-04-06/kicukiro-se-souvient-l-abandon-des-casques-bleus-belges</link>
  <description><![CDATA[<img src="http://www.lesoir.be/sites/default/files/imagecache/flowpublish_preset/2014/04/06/876166481_B972421808Z.1_20140406154617_000_GDH285KP8.2-0.jpg" width="120" align="left" hspace="4" vspace="4" /> 
                <cci:p xmlns:cci="urn:schemas-ccieurope.com" xmlns:xsd="http://www.w3.org/2001/XMLSchema-instance" xmlns:ccit="http://www.ccieurope.com/xmlns/ccimltables" xmlns:ccix="http://www.ccieurope.com/xmlns/ccimlextensions">La flamme du souvenir effectuait son dernier voyage avant les commémorations de ce lundi 7 avril. Reportage.</cci:p>
            ]]></description>
  <comments>http://www.lesoir.be/514194/article/actualite/monde/2014-04-06/kicukiro-se-souvient-l-abandon-des-casques-bleus-belges#ancre_commentaires</comments>  
  <pubDate>Sun, 06 Apr 2014 15:46:00 +0200</pubDate>
  <author><![CDATA[Colette Braeckman]]></author>
  <guid isPermaLink="false">514194 at http://www.lesoir.be</guid>
    <media:content url="http://www.lesoir.be/sites/default/files/imagecache/flowpublish_preset/2014/04/06/876166481_B972421808Z.1_20140406154617_000_GDH285KP8.2-0.jpg" type="image/jpeg" fileSize="1060427">
  <media:title><![CDATA[
©Reuters
]]></media:title>
  <media:thumbnail url="http://www.lesoir.be/sites/default/files/imagecache/flowpublish_thumb_preset/2014/04/06/876166481_B972421808Z.1_20140406154617_000_GDH285KP8.2-0.jpg"/>
  </media:content>
  </item>
<item>
  <category><![CDATA[Fil info Monde]]></category>
  <title><![CDATA[Ukraine: des manifestants pro-russes envahissent le siège de l’administration à Donetsk]]></title>
  <link>http://www.lesoir.be/514187/article/actualite/fil-info/fil-info-monde/2014-04-06/ukraine-des-manifestants-pro-russes-envahissent-siege-l-administrati</link>
  <description><![CDATA[<img src="http://www.lesoir.be/sites/default/files/imagecache/flowpublish_preset/2014/04/06/1216230130_B972421729Z.1_20140406152727_000_GDH28596T.2-0.jpg" width="120" align="left" hspace="4" vspace="4" /> 
                <cci:p xmlns:cci="urn:schemas-ccieurope.com" xmlns:xsd="http://www.w3.org/2001/XMLSchema-instance" xmlns:ccit="http://www.ccieurope.com/xmlns/ccimltables" xmlns:ccix="http://www.ccieurope.com/xmlns/ccimlextensions">Les manifestants ont hissé le drapeau russe à la place du drapeau ukrainien qui flottait sur le bâtiment.</cci:p>
            ]]></description>
  <comments>http://www.lesoir.be/514187/article/actualite/fil-info/fil-info-monde/2014-04-06/ukraine-des-manifestants-pro-russes-envahissent-siege-l-administrati#ancre_commentaires</comments>  
  <pubDate>Sun, 06 Apr 2014 15:27:00 +0200</pubDate>
  <author><![CDATA[ Afp]]></author>
  <guid isPermaLink="false">514187 at http://www.lesoir.be</guid>
    <media:content url="http://www.lesoir.be/sites/default/files/imagecache/flowpublish_preset/2014/04/06/1216230130_B972421729Z.1_20140406152727_000_GDH28596T.2-0.jpg" type="image/jpeg" fileSize="1116629">
  <media:title><![CDATA[]]></media:title>
  <media:thumbnail url="http://www.lesoir.be/sites/default/files/imagecache/flowpublish_thumb_preset/2014/04/06/1216230130_B972421729Z.1_20140406152727_000_GDH28596T.2-0.jpg"/>
  </media:content>
  </item>
<item>
  <category><![CDATA[Monde]]></category>
  <title><![CDATA[Présidentielle afghane: un camion de bulletins de vote détruit]]></title>
  <link>http://www.lesoir.be/514159/article/actualite/monde/2014-04-06/presidentielle-afghane-un-camion-bulletins-vote-detruit</link>
  <description><![CDATA[<img src="http://www.lesoir.be/sites/default/files/imagecache/flowpublish_preset/2014/04/06/1834332366_B972421085Z.1_20140406141633_000_GDH2850LE.2-0.jpg" width="120" align="left" hspace="4" vspace="4" /> 
                <cci:p xmlns:cci="urn:schemas-ccieurope.com" xmlns:xsd="http://www.w3.org/2001/XMLSchema-instance" xmlns:ccit="http://www.ccieurope.com/xmlns/ccimltables" xmlns:ccix="http://www.ccieurope.com/xmlns/ccimlextensions">162 plaintes écrites pour irrégularités ont été déposées en Afghanistan après les élections présidentielles de samedi.</cci:p>
            ]]></description>
  <comments>http://www.lesoir.be/514159/article/actualite/monde/2014-04-06/presidentielle-afghane-un-camion-bulletins-vote-detruit#ancre_commentaires</comments>  
  <pubDate>Sun, 06 Apr 2014 14:16:00 +0200</pubDate>
  <author><![CDATA[May. (avec agences)]]></author>
  <guid isPermaLink="false">514159 at http://www.lesoir.be</guid>
    <media:content url="http://www.lesoir.be/sites/default/files/imagecache/flowpublish_preset/2014/04/06/1834332366_B972421085Z.1_20140406141633_000_GDH2850LE.2-0.jpg" type="image/jpeg" fileSize="1190361">
  <media:title><![CDATA[
©AFP
]]></media:title>
  <media:thumbnail url="http://www.lesoir.be/sites/default/files/imagecache/flowpublish_thumb_preset/2014/04/06/1834332366_B972421085Z.1_20140406141633_000_GDH2850LE.2-0.jpg"/>
  </media:content>
  </item>
<item>
  <category><![CDATA[Monde]]></category>
  <title><![CDATA[Boeing disparu: un deuxième signal de boîte noire détecté ]]></title>
  <link>http://www.lesoir.be/514029/article/actualite/monde/2014-04-06/boeing-disparu-un-deuxieme-signal-boite-noire-detecte</link>
  <description><![CDATA[<img src="http://www.lesoir.be/sites/default/files/imagecache/flowpublish_preset/2014/04/06/1603844885_B972419847Z.1_20140406105233_000_GG127V70R.2-0.jpg" width="120" align="left" hspace="4" vspace="4" /> 
                <cci:p xmlns:cci="urn:schemas-ccieurope.com" xmlns:xsd="http://www.w3.org/2001/XMLSchema-instance" xmlns:ccit="http://www.ccieurope.com/xmlns/ccimltables" xmlns:ccix="http://www.ccieurope.com/xmlns/ccimlextensions">Il n’y a toujours pas de confirmation que les deux signaux sont liés au vol MH370, disparu le 8 mars dernier.</cci:p>
            ]]></description>
  <comments>http://www.lesoir.be/514029/article/actualite/monde/2014-04-06/boeing-disparu-un-deuxieme-signal-boite-noire-detecte#ancre_commentaires</comments>  
  <pubDate>Sun, 06 Apr 2014 10:52:00 +0200</pubDate>
  <author><![CDATA[Maïlys Charlier (avec agences)]]></author>
  <guid isPermaLink="false">514029 at http://www.lesoir.be</guid>
    <media:content url="http://www.lesoir.be/sites/default/files/imagecache/flowpublish_preset/2014/04/06/1603844885_B972419847Z.1_20140406105233_000_GG127V70R.2-0.jpg" type="image/jpeg" fileSize="761145">
  <media:title><![CDATA[
©Reuters
]]></media:title>
  <media:thumbnail url="http://www.lesoir.be/sites/default/files/imagecache/flowpublish_thumb_preset/2014/04/06/1603844885_B972419847Z.1_20140406105233_000_GG127V70R.2-0.jpg"/>
  </media:content>
  </item>
<item>
  <category><![CDATA[Monde]]></category>
  <title><![CDATA[À neuf mois, il est accusé de tentative de meurtre (vidéo)]]></title>
  <link>http://www.lesoir.be/513786/article/actualite/monde/2014-04-05/neuf-mois-il-est-accuse-tentative-meurtre-video</link>
  <description><![CDATA[<img src="http://www.lesoir.be/sites/default/files/imagecache/flowpublish_preset/2014/04/05/1311902694_B972417553Z.1_20140405165448_000_GF2280HJC.2-0.jpg" width="120" align="left" hspace="4" vspace="4" /> 
                <cci:p xmlns:cci="urn:schemas-ccieurope.com" xmlns:xsd="http://www.w3.org/2001/XMLSchema-instance" xmlns:ccit="http://www.ccieurope.com/xmlns/ccimltables" xmlns:ccix="http://www.ccieurope.com/xmlns/ccimlextensions">Le bébé a été arrêté pour avoir lancé des pierres.</cci:p>
            ]]></description>
  <comments>http://www.lesoir.be/513786/article/actualite/monde/2014-04-05/neuf-mois-il-est-accuse-tentative-meurtre-video#ancre_commentaires</comments>  
  <pubDate>Sat, 05 Apr 2014 16:54:00 +0200</pubDate>
  <author><![CDATA[ Afp]]></author>
  <guid isPermaLink="false">513786 at http://www.lesoir.be</guid>
    <media:content url="http://www.lesoir.be/sites/default/files/imagecache/flowpublish_preset/2014/04/05/1311902694_B972417553Z.1_20140405165448_000_GF2280HJC.2-0.jpg" type="image/jpeg" fileSize="957281">
  <media:title><![CDATA[
Mohammad Musa, 9 mois
]]></media:title>
  <media:thumbnail url="http://www.lesoir.be/sites/default/files/imagecache/flowpublish_thumb_preset/2014/04/05/1311902694_B972417553Z.1_20140405165448_000_GF2280HJC.2-0.jpg"/>
  </media:content>
  </item>
<item>
  <category><![CDATA[Rwanda 1994-2014]]></category>
  <title><![CDATA[Kagame évoque le rôle des Français et Belges «dans la préparation politique du génocide» ]]></title>
  <link>http://www.lesoir.be/513753/article/actualite/monde/rwanda-1994-2014/2014-04-05/kagame-evoque-role-des-francais-et-belges-dans-preparation-politique-</link>
  <description><![CDATA[<img src="http://www.lesoir.be/sites/default/files/imagecache/flowpublish_preset/2014/04/05/1636182436_B972416581Z.1_20140405152403_000_G1O27E8N2.2-0.jpg" width="120" align="left" hspace="4" vspace="4" /> 
                <cci:p xmlns:cci="urn:schemas-ccieurope.com" xmlns:xsd="http://www.w3.org/2001/XMLSchema-instance" xmlns:ccit="http://www.ccieurope.com/xmlns/ccimltables" xmlns:ccix="http://www.ccieurope.com/xmlns/ccimlextensions">Le président rwandais répète ses accusations, principalement à l’encontre de la France, à la veille des cérémonies marquant le 20e anniversaire des massacres.</cci:p>
            ]]></description>
  <comments>http://www.lesoir.be/513753/article/actualite/monde/rwanda-1994-2014/2014-04-05/kagame-evoque-role-des-francais-et-belges-dans-preparation-politique-#ancre_commentaires</comments>  
  <pubDate>Sat, 05 Apr 2014 15:24:00 +0200</pubDate>
  <author><![CDATA[Rédaction en ligne]]></author>
  <guid isPermaLink="false">513753 at http://www.lesoir.be</guid>
    <media:content url="http://www.lesoir.be/sites/default/files/imagecache/flowpublish_preset/2014/04/05/1636182436_B972416581Z.1_20140405152403_000_G1O27E8N2.2-0.jpg" type="image/jpeg" fileSize="5922231">
  <media:title><![CDATA[]]></media:title>
  <media:thumbnail url="http://www.lesoir.be/sites/default/files/imagecache/flowpublish_thumb_preset/2014/04/05/1636182436_B972416581Z.1_20140405152403_000_G1O27E8N2.2-0.jpg"/>
  </media:content>
  </item>
<item>
  <category><![CDATA[Monde]]></category>
  <title><![CDATA[Boeing disparu: un détecteur de boîte noire a repéré un signal]]></title>
  <link>http://www.lesoir.be/513744/article/actualite/monde/2014-04-05/boeing-disparu-un-detecteur-boite-noire-repere-un-signal</link>
  <description><![CDATA[<img src="http://www.lesoir.be/sites/default/files/imagecache/flowpublish_preset/2014/04/05/440666481_B972416453Z.1_20140405225841_000_G5U27QRQP.2-0.jpg" width="120" align="left" hspace="4" vspace="4" /> 
                <cci:p xmlns:cci="urn:schemas-ccieurope.com" xmlns:xsd="http://www.w3.org/2001/XMLSchema-instance" xmlns:ccit="http://www.ccieurope.com/xmlns/ccimltables" xmlns:ccix="http://www.ccieurope.com/xmlns/ccimlextensions">La fréquence détectée est identique à celle transmise par les enregistreurs du Boeing de Malaysia Airlines, disparu il y a un mois.</cci:p>
            ]]></description>
  <comments>http://www.lesoir.be/513744/article/actualite/monde/2014-04-05/boeing-disparu-un-detecteur-boite-noire-repere-un-signal#ancre_commentaires</comments>  
  <pubDate>Sat, 05 Apr 2014 22:58:00 +0200</pubDate>
  <author><![CDATA[
                
                    Cl.DD
                
            ]]></author>
  <guid isPermaLink="false">513744 at http://www.lesoir.be</guid>
    <media:content url="http://www.lesoir.be/sites/default/files/imagecache/flowpublish_preset/2014/04/05/440666481_B972416453Z.1_20140405225841_000_G5U27QRQP.2-0.jpg" type="image/jpeg" fileSize="1599703">
  <media:title><![CDATA[]]></media:title>
  <media:thumbnail url="http://www.lesoir.be/sites/default/files/imagecache/flowpublish_thumb_preset/2014/04/05/440666481_B972416453Z.1_20140405225841_000_G5U27QRQP.2-0.jpg"/>
  </media:content>
  </item>
<item>
  <category><![CDATA[Monde]]></category>
  <title><![CDATA[Eva Braun, l’épouse de Hitler, aurait des origines juives]]></title>
  <link>http://www.lesoir.be/513737/article/actualite/monde/2014-04-05/eva-braun-l-epouse-hitler-aurait-des-origines-juives</link>
  <description><![CDATA[<img src="http://www.lesoir.be/sites/default/files/imagecache/flowpublish_preset/2014/04/05/251647379_B972416348Z.1_20140405145923_000_GB5280AC4.1-0.jpg" width="120" align="left" hspace="4" vspace="4" /> 
                <cci:p xmlns:cci="urn:schemas-ccieurope.com" xmlns:xsd="http://www.w3.org/2001/XMLSchema-instance" xmlns:ccit="http://www.ccieurope.com/xmlns/ccimltables" xmlns:ccix="http://www.ccieurope.com/xmlns/ccimlextensions">Des test ADN ont été réalisés pour un documentaire.</cci:p>
            ]]></description>
  <comments>http://www.lesoir.be/513737/article/actualite/monde/2014-04-05/eva-braun-l-epouse-hitler-aurait-des-origines-juives#ancre_commentaires</comments>  
  <pubDate>Sat, 05 Apr 2014 14:59:00 +0200</pubDate>
  <author><![CDATA[Rédaction en ligne]]></author>
  <guid isPermaLink="false">513737 at http://www.lesoir.be</guid>
    <media:content url="http://www.lesoir.be/sites/default/files/imagecache/flowpublish_preset/2014/04/05/251647379_B972416348Z.1_20140405145923_000_GB5280AC4.1-0.jpg" type="image/jpeg" fileSize="583623">
  <media:title><![CDATA[]]></media:title>
  <media:thumbnail url="http://www.lesoir.be/sites/default/files/imagecache/flowpublish_thumb_preset/2014/04/05/251647379_B972416348Z.1_20140405145923_000_GB5280AC4.1-0.jpg"/>
  </media:content>
  </item>
<item>
  <category><![CDATA[Fil info Monde]]></category>
  <title><![CDATA[Turquie: le blocage de YouTube reste en place]]></title>
  <link>http://www.lesoir.be/513709/article/actualite/fil-info/fil-info-monde/2014-04-05/turquie-blocage-youtube-reste-en-place</link>
  <description><![CDATA[ 
                <p> Le pouvoir islamo-conservateur d’Ankara avait réclamé le blocage de YouTube le 27 mars, invoquant la «sécurité nationale» après la diffusion d’un enregistrement pirate dans lequel les responsables turcs évoquaient des plans d’intervention militaire en Syrie. Youtube restera inaccessible en Turquie tant les vidéos litigieuses n’en auront pas été retirées.</p>
            ]]></description>
  <comments>http://www.lesoir.be/513709/article/actualite/fil-info/fil-info-monde/2014-04-05/turquie-blocage-youtube-reste-en-place#ancre_commentaires</comments>  
  <pubDate>Sat, 05 Apr 2014 13:58:00 +0200</pubDate>
  <author><![CDATA[Rédaction en ligne]]></author>
  <guid isPermaLink="false">513709 at http://www.lesoir.be</guid>
  </item>
<item>
  <category><![CDATA[Monde]]></category>
  <title><![CDATA[Fin de grève chez Lufthansa: le trafic aérien revient à la normale en Allemagne]]></title>
  <link>http://www.lesoir.be/513694/article/actualite/monde/2014-04-05/fin-greve-chez-lufthansa-trafic-aerien-revient-normale-en-allemagne</link>
  <description><![CDATA[<img src="http://www.lesoir.be/sites/default/files/imagecache/flowpublish_preset/2014/04/05/896266054_B972415710Z.1_20140405124418_000_GL827NRKM.2-0.jpg" width="120" align="left" hspace="4" vspace="4" /> 
                <cci:p xmlns:cci="urn:schemas-ccieurope.com" xmlns:xsd="http://www.w3.org/2001/XMLSchema-instance" xmlns:ccit="http://www.ccieurope.com/xmlns/ccimltables" xmlns:ccix="http://www.ccieurope.com/xmlns/ccimlextensions">3.800 vols avaient été annulés, bloquant 425.000 passagers. </cci:p>
            ]]></description>
  <comments>http://www.lesoir.be/513694/article/actualite/monde/2014-04-05/fin-greve-chez-lufthansa-trafic-aerien-revient-normale-en-allemagne#ancre_commentaires</comments>  
  <pubDate>Sat, 05 Apr 2014 12:44:00 +0200</pubDate>
  <author><![CDATA[Rédaction en ligne]]></author>
  <guid isPermaLink="false">513694 at http://www.lesoir.be</guid>
    <media:content url="http://www.lesoir.be/sites/default/files/imagecache/flowpublish_preset/2014/04/05/896266054_B972415710Z.1_20140405124418_000_GL827NRKM.2-0.jpg" type="image/jpeg" fileSize="1230302">
  <media:title><![CDATA[]]></media:title>
  <media:thumbnail url="http://www.lesoir.be/sites/default/files/imagecache/flowpublish_thumb_preset/2014/04/05/896266054_B972415710Z.1_20140405124418_000_GL827NRKM.2-0.jpg"/>
  </media:content>
  </item>
<item>
  <category><![CDATA[Monde]]></category>
  <title><![CDATA[Défiant les talibans, les Afghans ont voté en masse]]></title>
  <link>http://www.lesoir.be/513603/article/actualite/monde/2014-04-05/defiant-talibans-afghans-ont-vote-en-masse</link>
  <description><![CDATA[<img src="http://www.lesoir.be/sites/default/files/imagecache/flowpublish_preset/2014/04/05/266018721_B972414716Z.1_20140405232806_000_GDT281B0P.2-0.jpg" width="120" align="left" hspace="4" vspace="4" /> 
                <cci:p xmlns:cci="urn:schemas-ccieurope.com" xmlns:xsd="http://www.w3.org/2001/XMLSchema-instance" xmlns:ccit="http://www.ccieurope.com/xmlns/ccimltables" xmlns:ccix="http://www.ccieurope.com/xmlns/ccimlextensions">Barack Obama a salué le vote afghan, «<ccix:command value="134"></ccix:command value="134">essentiel<ccix:command value="134"></ccix:command value="134">» pour la démocratie.</cci:p>
            ]]></description>
  <comments>http://www.lesoir.be/513603/article/actualite/monde/2014-04-05/defiant-talibans-afghans-ont-vote-en-masse#ancre_commentaires</comments>  
  <pubDate>Sat, 05 Apr 2014 23:28:00 +0200</pubDate>
  <author><![CDATA[avec AFP]]></author>
  <guid isPermaLink="false">513603 at http://www.lesoir.be</guid>
    <media:content url="http://www.lesoir.be/sites/default/files/imagecache/flowpublish_preset/2014/04/05/266018721_B972414716Z.1_20140405232806_000_GDT281B0P.2-0.jpg" type="image/jpeg" fileSize="969460">
  <media:title><![CDATA[]]></media:title>
  <media:thumbnail url="http://www.lesoir.be/sites/default/files/imagecache/flowpublish_thumb_preset/2014/04/05/266018721_B972414716Z.1_20140405232806_000_GDT281B0P.2-0.jpg"/>
  </media:content>
  </item>
<item>
  <category><![CDATA[Monde]]></category>
  <title><![CDATA[Orban promis à un nouveau sacre]]></title>
  <link>http://www.lesoir.be/513348/article/actualite/monde/2014-04-04/orban-promis-un-nouveau-sacre</link>
  <description><![CDATA[<img src="http://www.lesoir.be/sites/default/files/imagecache/flowpublish_preset/2014/04/04/873104544_B972413592Z.1_20140404192912_000_G7U276LJ6.2-0.jpg" width="120" align="left" hspace="4" vspace="4" /> <p><cci:p xmlns:cci="urn:schemas-ccieurope.com" xmlns:ccit="http://www.ccieurope.com/xmlns/ccimltables" xmlns:ccix="http://www.ccieurope.com/xmlns/ccimlextensions" xmlns:xsd="http://www.w3.org/2001/XMLSchema-instance"> <cci:bullet__intro class="macro" displayname="PUCE_INTRO" name="bullet__intro"></cci:bullet__intro>Artisan d&rsquo;une dérive jugée liberticide, Viktor Orban est crédité aux législatives de ce dimanche de près de 50<ccix:command value="134"></ccix:command>% des intentions de vote. L&rsquo;opposition de gauche est condamnée à de la figuration.</cci:p></p>]]></description>
  <comments>http://www.lesoir.be/513348/article/actualite/monde/2014-04-04/orban-promis-un-nouveau-sacre#ancre_commentaires</comments>  
  <pubDate>Sun, 06 Apr 2014 18:44:39 +0200</pubDate>
  <author><![CDATA[ Jurek Kuczkiewicz]]></author>
  <guid isPermaLink="false">513348 at http://www.lesoir.be</guid>
    <media:content url="http://www.lesoir.be/sites/default/files/imagecache/flowpublish_preset/2014/04/04/873104544_B972413592Z.1_20140404192912_000_G7U276LJ6.2-0.jpg" type="image/jpeg" fileSize="1036017">
  <media:title><![CDATA[
Viktor Orban joue sur du velours
: il a «
adapté
» le système électoral aux ambitions de son parti... et de lui-même. © AFP.
]]></media:title>
  <media:thumbnail url="http://www.lesoir.be/sites/default/files/imagecache/flowpublish_thumb_preset/2014/04/04/873104544_B972413592Z.1_20140404192912_000_G7U276LJ6.2-0.jpg"/>
  </media:content>
  </item>
  </channel>
</rss>