<?xml version="1.0" encoding="utf-8"?>
<rss version="2.0"><channel><title>xkcd.com</title><link>http://xkcd.com/</link><description>xkcd.com: A webcomic of romance and math humor.</description><language>en</language><item><title>Cosmologist on a Tire Swing</title><link>http://xkcd.com/1352/</link><description>&lt;img src="http://imgs.xkcd.com/comics/cosmologist_on_a_tire_swing.png" title="No matter how fast I swing, I can never travel outside this loop! Maybe space outside it doesn't exist! But I bet it does. This tire came from somewhere." alt="No matter how fast I swing, I can never travel outside this loop! Maybe space outside it doesn't exist! But I bet it does. This tire came from somewhere." /&gt;</description><pubDate>Mon, 07 Apr 2014 04:00:00 -0000</pubDate><guid>http://xkcd.com/1352/</guid></item><item><title>Metamaterials</title><link>http://xkcd.com/1351/</link><description>&lt;img src="http://imgs.xkcd.com/comics/metamaterials.png" title="If I developed a hue-shifting metamaterial, I would photobomb people's Instagram pics with a sheet of material that precisely undid the filter they were using." alt="If I developed a hue-shifting metamaterial, I would photobomb people's Instagram pics with a sheet of material that precisely undid the filter they were using." /&gt;</description><pubDate>Fri, 04 Apr 2014 04:00:00 -0000</pubDate><guid>http://xkcd.com/1351/</guid></item><item><title>Lorenz</title><link>http://xkcd.com/1350/</link><description>
&lt;script type="text/javascript"&gt;
Bernardo.comic({el: $('#comic')})
&lt;/script&gt;</description><pubDate>Tue, 01 Apr 2014 04:00:00 -0000</pubDate><guid>http://xkcd.com/1350/</guid></item><item><title>Shouldn't Be Hard</title><link>http://xkcd.com/1349/</link><description>&lt;img src="http://imgs.xkcd.com/comics/shouldnt_be_hard.png" title="(six hours later) ARGH. How are these stupid microchips so durable?! All I want is to undo a massive industrial process with household tools!" alt="(six hours later) ARGH. How are these stupid microchips so durable?! All I want is to undo a massive industrial process with household tools!" /&gt;</description><pubDate>Mon, 31 Mar 2014 04:00:00 -0000</pubDate><guid>http://xkcd.com/1349/</guid></item></channel></rss>