<?xml version="1.0"?>
<rss version="2.0"><channel><title>ACT'ULB</title><image><url>http://www.ulb.ac.be/preview3/design/img/logoulb1.gif</url><link>http://web2.ulb.ac.be/actulb/actulb.php</link></image><item><title>Un Esprit libre sous le signe de la sant&#xE9;</title><link>http://web2.ulb.ac.be/actulb/index.php?article=5957</link><pubDate>Mon, 07 Apr 2014 12:04:03 +0200</pubDate><guid>http://web2.ulb.ac.be/actulb/index.php?article=5957</guid><description>&lt;img src="http://www.ulb.ac.be/babelbox/ws/getimage.php5?filter=databox1-art-image-5957.jpg"  style="float:left;padding-right:10px"/&gt;&lt;p&gt;&lt;a href="http://www.ulb.ac.be//espritlibre/" target="_blank"&gt;L'Esprit libre du printemps vient de sortir!&lt;/a&gt; Le magazine de l'ULB propose un grand dossier sur les &lt;strong&gt;projets hospitaliers de l'ULB&lt;/strong&gt; o&#xF9; vous lirez que l'Universit&#xE9; renforce ses collaborations avec la r&#xE9;gion bruxelloise en mati&#xE8;re de soins, d'enseignement et de recherche.&lt;/p&gt;</description></item><item><title>C&#xE9;r&#xE9;monie de comm&#xE9;moration du g&#xE9;nocide rwandais</title><link>http://web2.ulb.ac.be/actulb/index.php?article=5956</link><pubDate>Mon, 07 Apr 2014 10:15:40 +0200</pubDate><guid>http://web2.ulb.ac.be/actulb/index.php?article=5956</guid><description>&lt;img src="http://www.ulb.ac.be/babelbox/ws/getimage.php5?filter=databox1-art-image-5956.jpg"  style="float:left;padding-right:10px"/&gt;&lt;p&gt;Ce lundi 7 avril 2014, l'association &lt;a href="http://www.ibuka.be/" target="_blank"&gt;Ibuka M&#xE9;moire et Justice&lt;/a&gt; organise une c&#xE9;r&#xE9;monie de comm&#xE9;moration du g&#xE9;nocide rwandais avec une marche aux flambeaux et une soir&#xE9;e de la m&#xE9;moire.&lt;/p&gt;</description></item><item><title>Chaire Perelman avec &#xC9;tienne Balibar</title><link>http://web2.ulb.ac.be/actulb/index.php?article=5954</link><pubDate>Mon, 07 Apr 2014 09:03:04 +0200</pubDate><guid>http://web2.ulb.ac.be/actulb/index.php?article=5954</guid><description>&lt;img src="http://www.ulb.ac.be/babelbox/ws/getimage.php5?filter=databox1-art-image-5954.jpg"  style="float:left;padding-right:10px"/&gt;&lt;p&gt;Etienne Balibar, professeur &#xE9;m&#xE9;rite de l'Universit&#xE9; Paris Ouest Nanterre La D&#xE9;fense et professeur &#xE0; l'Universit&#xE9; de Californie - Irvine a &#xE9;t&#xE9; nomm&#xE9; titulaire de la Chaire Perelman pour l'ann&#xE9;e 2013-14. &#xC0; ce titre, l'ULB l'accueille pour une s&#xE9;rie de le&#xE7;ons sur le th&#xE8;me &lt;strong&gt;Juger, Poss&#xE9;der, Sanctionner (G&#xE9;n&#xE9;alogie des individualismes modernes).&lt;/strong&gt;&lt;/p&gt;</description></item><item><title>SAFE PLN: une solution de pr&#xE9;servation de collections open-access</title><link>http://web2.ulb.ac.be/actulb/index.php?article=5953</link><pubDate>Mon, 07 Apr 2014 09:02:44 +0200</pubDate><guid>http://web2.ulb.ac.be/actulb/index.php?article=5953</guid><description>&lt;img src="http://www.ulb.ac.be/babelbox/ws/getimage.php5?filter=databox1-art-image-5953.jpg"  style="float:left;padding-right:10px"/&gt;&lt;p&gt;Les Archives &amp; Biblioth&#xE8;ques de l'ULB ont r&#xE9;cemment sign&#xE9; &lt;strong&gt;un accord de collaboration avec les biblioth&#xE8;ques de quatre universit&#xE9;s&lt;/strong&gt;: Gent Universiteit, Universit&#xE9; Catholique de Louvain, Universit&#xE4;t Bielefeld en Allemagne et Memorial University of Newfoundland au Canada. Cet accord vise la &lt;strong&gt;mise en &#x9C;uvre d'une solution de pr&#xE9;servation de collections open-access des publications et des donn&#xE9;es de recherche&lt;/strong&gt;.&lt;/p&gt;</description></item><item><title>Des &#xE9;tudiants de l'ULB pris au jeu de n&#xE9;gociations et de diplomatie.</title><link>http://web2.ulb.ac.be/actulb/index.php?article=5950</link><pubDate>Mon, 07 Apr 2014 09:02:28 +0200</pubDate><guid>http://web2.ulb.ac.be/actulb/index.php?article=5950</guid><description>&lt;img src="http://www.ulb.ac.be/babelbox/ws/getimage.php5?filter=databox1-art-image-5950.jpg"  style="float:left;padding-right:10px"/&gt;&lt;p&gt;Le &lt;strong&gt;WorldMUN&lt;/strong&gt; est la simulation des Nations Unies organis&#xE9;e par la prestigieuse Universit&#xE9; d'Harvard. L'&#xE9;v&#xE9;nement a eu lieu cette ann&#xE9;e &#xE0; Bruxelles, du 17 au 21 mars 2014.&lt;/p&gt;</description></item><item><title>Comm&#xE9;morations 1914-1918: l'Universit&#xE9; et l'Union des Anciens &#xE9;tudiants font appel &#xE0; vos archives</title><link>http://web2.ulb.ac.be/actulb/index.php?article=5955</link><pubDate>Fri, 04 Apr 2014 16:38:40 +0200</pubDate><guid>http://web2.ulb.ac.be/actulb/index.php?article=5955</guid><description>&lt;img src="http://www.ulb.ac.be/babelbox/ws/getimage.php5?filter=databox1-art-image-5955.jpg"  style="float:left;padding-right:10px"/&gt;&lt;p&gt;Dans le cadre des comm&#xE9;morations 1914-1918, l'Universit&#xE9; et l'UAE recherchent activement les archives de ses anciens &#xE9;tudiants, professeurs et membres du personnel li&#xE9;es &#xE0; la Grande Guerre (photos, carnets, dipl&#xF4;mes, m&#xE9;dailles, lettres, etc.)&lt;br /&gt;&lt;br /&gt;Si vous le souhaitez, elles enrichiront ouvrages, expositions, digith&#xE8;ques tout au long des comm&#xE9;morations... &lt;br /&gt;&lt;br /&gt;Informations compl&#xE9;mentaires &#xE0; d&#xE9;couvrir dans &lt;a href="http://www.ulb.ac.be/espritlibre/Esprit_libre_31/" target="_blank"&gt;Esprit Libre N&#xB0;31, p.13&lt;/a&gt;&lt;br /&gt;&lt;br /&gt;Pour joindre les Archives &amp; Biblioth&#xE8;ques de l'Universit&#xE9;: &lt;a href="mailto:archives@ulb.ac.be" target="_blank"&gt;archives(at)ulb.ac.be&lt;/a&gt;&lt;br /&gt;+32 2 650 35 68.&lt;/p&gt;</description></item><item><title>Simulation ONU: La d&#xE9;l&#xE9;gation ULB re&#xE7;oit la plus haute distinction</title><link>http://web2.ulb.ac.be/actulb/index.php?article=5949</link><pubDate>Fri, 04 Apr 2014 16:34:10 +0200</pubDate><guid>http://web2.ulb.ac.be/actulb/index.php?article=5949</guid><description>&lt;img src="http://www.ulb.ac.be/babelbox/ws/getimage.php5?filter=databox1-art-image-5949.jpg"  style="float:left;padding-right:10px"/&gt;&lt;p&gt;Ce jeudi 3 avril, la d&#xE9;l&#xE9;gation de l'Universit&#xE9; libre de Bruxelles a &#xE9;t&#xE9; r&#xE9;compens&#xE9;e par la plus haute distinction attribu&#xE9;e au &lt;strong&gt;National Model United Nations, &lt;/strong&gt;la simulation de l'ONU: le &lt;strong&gt;Outstanding delegation award.&lt;/strong&gt;&lt;br /&gt; Cette prestigieuse simulation s'est tenue du 30 mars au 3 avril &#xE0; New York et a rassembl&#xE9; plus de 2.500 &#xE9;tudiants venus d'universit&#xE9;s du monde entier.&lt;/p&gt;</description></item><item><title>Expo "Amawato - Le march&#xE9; de la sant&#xE9; au pays du vaudou"</title><link>http://web2.ulb.ac.be/actulb/index.php?article=5952</link><pubDate>Fri, 04 Apr 2014 15:01:11 +0200</pubDate><guid>http://web2.ulb.ac.be/actulb/index.php?article=5952</guid><description>&lt;img src="http://www.ulb.ac.be/babelbox/ws/getimage.php5?filter=databox1-art-image-5952.jpg"  style="float:left;padding-right:10px"/&gt;&lt;p&gt;Selon l'OMS, plus de 80 % de la population b&#xE9;ninoise a recours &#xE0; la m&#xE9;decine traditionnelle et une bonne collaboration entre m&#xE9;decine traditionnelle et moderne est donc un enjeu-cl&#xE9; pour un syst&#xE8;me de sant&#xE9; b&#xE9;ninois performant et adapt&#xE9; aux besoins de la population.&lt;/p&gt;</description></item><item><title>Accueil des recteurs camerounais</title><link>http://web2.ulb.ac.be/actulb/index.php?article=5422</link><pubDate>Fri, 04 Apr 2014 11:41:35 +0200</pubDate><guid>http://web2.ulb.ac.be/actulb/index.php?article=5422</guid><description>&lt;img src="http://www.ulb.ac.be/babelbox/ws/getimage.php5?filter=databox1-art-image-5422.jpg"  style="float:left;padding-right:10px"/&gt;&lt;p&gt;Les recteurs des universit&#xE9;s de la F&#xE9;d&#xE9;ration Wallonie-Bruxelles accueillent le &lt;strong&gt;mardi 22 avril 2014&lt;/strong&gt; une &lt;strong&gt;d&#xE9;l&#xE9;gation de recteurs et repr&#xE9;sentants des universit&#xE9;s camerounaises&lt;/strong&gt;.&lt;/p&gt;</description></item><item><title>Inauguration du Cocon, g&#xEE;te de naissance intra-hospitalier</title><link>http://web2.ulb.ac.be/actulb/index.php?article=5881</link><pubDate>Fri, 04 Apr 2014 11:41:04 +0200</pubDate><guid>http://web2.ulb.ac.be/actulb/index.php?article=5881</guid><description>&lt;img src="http://www.ulb.ac.be/babelbox/ws/getimage.php5?filter=databox1-art-image-5881.jpg"  style="float:left;padding-right:10px"/&gt;&lt;p&gt;Le Cocon, g&#xEE;te de naissance intra-hospitalier, a &#xE9;t&#xE9; officiellement inaugur&#xE9; ce mardi 25 mars &#xE0; l'H&#xF4;pital Erasme.&lt;/p&gt;</description></item><item><title>Un nouveau projet hospitalo-universitaire pour Bruxelles</title><link>http://web2.ulb.ac.be/actulb/index.php?article=5882</link><pubDate>Fri, 04 Apr 2014 11:40:42 +0200</pubDate><guid>http://web2.ulb.ac.be/actulb/index.php?article=5882</guid><description>&lt;img src="http://www.ulb.ac.be/babelbox/ws/getimage.php5?filter=databox1-art-image-5882.jpg"  style="float:left;padding-right:10px"/&gt;&lt;p&gt;Depuis 2005, les h&#xF4;pitaux de l'ULB, de la Ville de Bruxelles et de son CPAS collaborent selon une convention-cadre d&#xE9;finissant de grands axes strat&#xE9;giques.&lt;/p&gt;</description></item><item><title>Le fragile et le flou. Apprivoiser la pr&#xE9;carit&#xE9;: un art rh&#xE9;torique</title><link>http://web2.ulb.ac.be/actulb/index.php?article=5925</link><pubDate>Thu, 03 Apr 2014 09:27:14 +0200</pubDate><guid>http://web2.ulb.ac.be/actulb/index.php?article=5925</guid><description>&lt;img src="http://www.ulb.ac.be/babelbox/ws/getimage.php5?filter=databox1-art-image-5925.jpg"  style="float:left;padding-right:10px"/&gt;&lt;p&gt;Sous le titre&lt;a href="http://gral.ulb.ac.be/wp-content/uploads/programmecolloquefragileflou1.pdf" target="_blank"&gt; "Le fragile et le flou. Apprivoiser la pr&#xE9;carit&#xE9;: un art rh&#xE9;torique"&lt;/a&gt;, ce colloque r&#xE9;pond au d&#xE9;sir de rendre hommage &#xE0; un penseur original, un passeur, un pr&#xE9;curseur m&#xEA;me, bref, un ma&#xEE;tre, dont le nom n'&#xE9;voque, aujourd'hui, plus grand-chose &#xE0; personne (ou presque): &lt;strong&gt;Eug&#xE8;ne Dupr&#xE9;el&lt;/strong&gt; (1879-1967). Plus exactement, il s'agit de mettre l'accent et d'explorer l'un des aspects originaux de sa pens&#xE9;e: &lt;strong&gt;l'id&#xE9;e ou principe de pr&#xE9;carit&#xE9;&lt;/strong&gt; dont la valeur est, pour lui, aussi bien technique que logique et &#xE9;pist&#xE9;mologique.&lt;/p&gt;</description></item><item><title>Motion du Conseil d'administration de l'ULB: Revendication d'un refinancement de l'enseignement sup&#xE9;rieur</title><link>http://web2.ulb.ac.be/actulb/index.php?article=5935</link><pubDate>Wed, 02 Apr 2014 09:39:09 +0200</pubDate><guid>http://web2.ulb.ac.be/actulb/index.php?article=5935</guid><description>&lt;img src="http://www.ulb.ac.be/babelbox/ws/getimage.php5?filter=databox1-art-image-5935.gif"  style="float:left;padding-right:10px"/&gt;&lt;p&gt;Le Conseil d'administration de l'Universit&#xE9; libre de Bruxelles tient &#xE0; &lt;strong&gt;d&#xE9;noncer la diminution des allocations par &#xE9;tudiant dans l'enseignement sup&#xE9;rieur qui ont baiss&#xE9; &lt;/strong&gt;de 17, 95 % entre 1991 et 2007. C'est ainsi que le montant d&#xE9;pens&#xE9; par &#xE9;tudiant par la Communaut&#xE9; fran&#xE7;aise a chut&#xE9; de plus ou moins 800&#x80; entre 1999 et 2010.&lt;/p&gt;</description></item><item><title>2 chercheuses de l'ULB r&#xE9;compens&#xE9;es par le prix Atomia</title><link>http://web2.ulb.ac.be/actulb/index.php?article=5799</link><pubDate>Wed, 02 Apr 2014 08:55:14 +0200</pubDate><guid>http://web2.ulb.ac.be/actulb/index.php?article=5799</guid><description>&lt;img src="http://www.ulb.ac.be/babelbox/ws/getimage.php5?filter=databox1-art-image-5799.jpg"  style="float:left;padding-right:10px"/&gt;&lt;p&gt;Le premier prix Atomia &lt;strong&gt;"Brussels Women for Science"&lt;/strong&gt; a &#xE9;t&#xE9; attribu&#xE9; ce 12 mars 2014 &#xE0; quatre chercheuses bruxelloises, dont deux de l'ULB: &lt;strong&gt;Vinciane Debaille et Carine Van Lint.&lt;/strong&gt;&lt;/p&gt;</description></item><item><title>Particules de vie</title><link>http://web2.ulb.ac.be/actulb/index.php?article=5936</link><pubDate>Wed, 02 Apr 2014 08:55:01 +0200</pubDate><guid>http://web2.ulb.ac.be/actulb/index.php?article=5936</guid><description>&lt;img src="http://www.ulb.ac.be/babelbox/ws/getimage.php5?filter=databox1-art-image-5936.jpg"  style="float:left;padding-right:10px"/&gt;&lt;p&gt;Quel homme est-on quand on met au point &#xE0; 32 ans une th&#xE9;orie aussi complexe que celle du Boson de Brout-Englert-Higgs, qui se voit confirm&#xE9;e pr&#xE8;s de 50 ans plus tard et r&#xE9;compens&#xE9;e par la plus prestigieuse des r&#xE9;compenses scientifiques, le Prix Nobel de Physique? Qu'est-ce qui, dans l'enfance et par la suite, peut pousser vers les rivages de la recherche? Quelles influences marquent-elles un homme au point de d&#xE9;terminer son avenir?&lt;/p&gt;</description></item><item><title>Horizon Recherche ULB est en ligne</title><link>http://web2.ulb.ac.be/actulb/index.php?article=5829</link><pubDate>Wed, 02 Apr 2014 08:54:41 +0200</pubDate><guid>http://web2.ulb.ac.be/actulb/index.php?article=5829</guid><description>&lt;img src="http://www.ulb.ac.be/babelbox/ws/getimage.php5?filter=databox1-art-image-5829.jpg"  style="float:left;padding-right:10px"/&gt;&lt;p&gt;Le num&#xE9;ro de mars d'&lt;strong&gt;Horizon Recherche ULB&lt;/strong&gt; est en ligne. Au sommaire, notamment, un focus sur les questions d'int&#xE9;gration et d'immigration en 2014, la vid&#xE9;o &lt;em&gt;Images de sciences &lt;/em&gt;consacr&#xE9;e &#xE0; l'&#xE9;pilepsie, un podcast &lt;em&gt;Paroles de chercheurs&lt;/em&gt; sur les perspectives th&#xE9;rapeutiques de la g&#xE9;n&#xE9;tique ou encore un &lt;em&gt;3 questions &#xE0;&lt;/em&gt; sur la repr&#xE9;sentation des femmes en politique.&lt;/p&gt;</description></item><item><title>Deux &#xE9;tudiants de l'ULB remportent le concours de plaidoirie de la Croix-Rouge</title><link>http://web2.ulb.ac.be/actulb/index.php?article=5934</link><pubDate>Tue, 01 Apr 2014 14:40:38 +0200</pubDate><guid>http://web2.ulb.ac.be/actulb/index.php?article=5934</guid><description>&lt;img src="http://www.ulb.ac.be/babelbox/ws/getimage.php5?filter=databox1-art-image-5934.jpg"  style="float:left;padding-right:10px"/&gt;&lt;p&gt;C'est pratiquement devenu une habitude, mais on ne s'en lasse pas... Le 26 mars dernier, l'ULB a remport&#xE9; pour la troisi&#xE8;me fois cons&#xE9;cutive l&lt;a href="http://www.croix-rouge.be/actualites/nouvelles/le-proces-fictif-de-la-croix-rouge-un-impressionnant-concours-de-plaidoirie/" target="_blank"&gt;a 15e &#xE9;dition du Concours interuniversitaire de plaidoirie de la Croix-Rouge de Belgique, consistant en un proc&#xE8;s fictif devant la Cour p&#xE9;nale internationale.&lt;/a&gt;&lt;/p&gt;</description></item><item><title>Belles victoires de l'ULB aux championnats universitaires</title><link>http://web2.ulb.ac.be/actulb/index.php?article=5933</link><pubDate>Tue, 01 Apr 2014 10:46:49 +0200</pubDate><guid>http://web2.ulb.ac.be/actulb/index.php?article=5933</guid><description>&lt;img src="http://www.ulb.ac.be/babelbox/ws/getimage.php5?filter=databox1-art-image-5933.jpg"  style="float:left;padding-right:10px"/&gt;&lt;p&gt;L'ULB &#xE9;tait pr&#xE9;sente en rugby, futsal et cheerleading lors des finales francophones des championnats universitaires qui se sont d&#xE9;roul&#xE9;es &#xE0; Namur le 26 mars dernier.&lt;/p&gt;</description></item><item><title>10 ans de neuroradiologie interventionnelle &#xE0; l'H&#xF4;pital Erasme</title><link>http://web2.ulb.ac.be/actulb/index.php?article=5928</link><pubDate>Tue, 01 Apr 2014 09:23:26 +0200</pubDate><guid>http://web2.ulb.ac.be/actulb/index.php?article=5928</guid><description>&lt;img src="http://www.ulb.ac.be/babelbox/ws/getimage.php5?filter=databox1-art-image-5928.jpg"  style="float:left;padding-right:10px"/&gt;&lt;p&gt;La neuroradiologie interventionnelle est la discipline qui traite par voie endovasculaire les an&#xE9;vrysmes, les malformations art&#xE9;rio-veineuses, les st&#xE9;noses vasculaires et les accidents vasculaires thrombo-emboliques. &lt;strong&gt;Ce 1er avril 2014, l'H&#xF4;pital Erasme c&#xE9;l&#xE8;brera les dix ann&#xE9;es de son d&#xE9;veloppement par une s&#xE9;ance acad&#xE9;mique au Mus&#xE9;e de la M&#xE9;decine.&lt;/strong&gt;&lt;/p&gt;</description></item><item><title>Signature d'un "partenariat privil&#xE9;gi&#xE9;" entre l'ULB et Beihang University</title><link>http://web2.ulb.ac.be/actulb/index.php?article=5932</link><pubDate>Tue, 01 Apr 2014 09:09:17 +0200</pubDate><guid>http://web2.ulb.ac.be/actulb/index.php?article=5932</guid><description>&lt;img src="http://www.ulb.ac.be/babelbox/ws/getimage.php5?filter=databox1-art-image-5932.jpg"  style="float:left;padding-right:10px"/&gt;&lt;p&gt;Ce lundi 31 mars, au Palais d'Egmont et en pr&#xE9;sence du Pr&#xE9;sident de la R&#xE9;publique populaire de Chine Monsieur XI Jinping, le Pr&#xE9;sident de Beihang University, le Professeur HUAI Jinpeng et le Recteur de l'ULB, le Professeur Didier Viviers ont sign&#xE9; un accord de partenariat privil&#xE9;gi&#xE9;.&lt;/p&gt;</description></item></channel></rss>
